DateObserved,CommonName,TotalObserved,MortBin,patch_id,patch_name,Long,Lat
7/14/2022,Common Murre,6,1–10,1,Patch1,-54.19889,46.83323
7/22/2022,Common Murre,4,1–10,2,Patch2,-52.81351,47.187289
7/28/2022,Common Murre,1,1–10,2,Patch2,-52.83798,47.191671
7/28/2022,Common Murre,7,1–10,2,Patch2,-52.785131,47.257174
7/22/2022,Common Murre,3,1–10,2,Patch2,-52.835246,47.19791
7/21/2022,Common Murre,52,50–100,2,Patch2,-53.6164,46.99642
7/21/2022,Common Murre,3,1–10,2,Patch2,-53.6164,46.99642
7/22/2022,Common Murre,12,10–50,2,Patch2,-53.27,46.71317
7/22/2022,Common Murre,1,1–10,2,Patch2,-53.24,46.67104
7/22/2022,Common Murre,1,1–10,3,Patch3,-53.0544,47.94794
7/22/2022,Common Murre,1,1–10,2,Patch2,-52.8141,47.28056
7/22/2022,Common Murre,10,1–10,1,Patch1,-54.1723,46.91995
7/22/2022,Common Murre,1,1–10,2,Patch2,-53.5873,46.63286
7/22/2022,Common Murre,3,1–10,2,Patch2,-53.0667,46.66667
7/22/2022,Common Murre,2,1–10,2,Patch2,-52.8019,47.24995
7/22/2022,Common Murre,1,1–10,2,Patch2,-52.8138,47.28424
7/22/2022,Common Murre,20,10–50,1,Patch1,-53.5357,47.17448
7/22/2022,Common Murre,20,10–50,1,Patch1,-54.1723,46.91995
7/22/2022,Common Murre,1,1–10,1,Patch1,-54.1723,46.91995
7/22/2022,Common Murre,12,10–50,3,Patch3,-53.6404,48.03467
7/22/2022,Common Murre,1,1–10,2,Patch2,-52.812376,47.281469
7/22/2022,Common Murre,6,1–10,2,Patch2,-52.836421,47.245704
7/22/2022,Common Murre,3,1–10,2,Patch2,-52.839185,47.247007
7/23/2022,Common Murre,1,1–10,2,Patch2,-52.83,47.278
7/23/2022,Common Murre,30,10–50,1,Patch1,-53.5664,47.06866
7/23/2022,Common Murre,15,10–50,1,Patch1,-54.0026,47.23082
7/23/2022,Common Murre,45,10–50,1,Patch1,-53.9633,47.24215
7/24/2022,Common Murre,1,1–10,4,Patch4,-53.5764,48.43913
7/24/2022,Common Murre,90,50–100,2,Patch2,-53.6371,46.78933
7/25/2022,Common Murre,4,1–10,2,Patch2,-52.79,47.262278
7/25/2022,Common Murre,2,1–10,2,Patch2,-52.79,47.262278
7/25/2022,Common Murre,1,1–10,2,Patch2,-52.79,47.262278
7/25/2022,Common Murre,36,10–50,2,Patch2,-53.5977,46.89214
7/25/2022,Common Murre,3,1–10,2,Patch2,-53.2547,46.71414
7/25/2022,Common Murre,22,10–50,2,Patch2,-53.2547,46.71414
7/25/2022,Common Murre,10,1–10,1,Patch1,-53.5147,47.1352
7/25/2022,Common Murre,53,50–100,1,Patch1,-53.9868,47.30205
7/25/2022,Common Murre,1,1–10,2,Patch2,-52.839185,47.247007
7/26/2022,Common Murre,23,10–50,1,Patch1,-54.08,46.809459
7/26/2022,Common Murre,2,1–10,1,Patch1,-54.08,46.809459
7/26/2022,Common Murre,1,1–10,2,Patch2,-53.7482,46.83341
7/27/2022,Common Murre,2,1–10,4,Patch4,-53.5989,49.12106
7/28/2022,Common Murre,15,10–50,2,Patch2,-52.7731,47.26258
7/28/2022,Common Murre,15,10–50,2,Patch2,-52.816272,47.207594
7/28/2022,Common Murre,25,10–50,2,Patch2,-52.839185,47.247007
7/28/2022,Common Murre,2,1–10,2,Patch2,-52.839185,47.247007
7/28/2022,Common Murre,7,1–10,2,Patch2,-52.820085,47.245739
7/29/2022,Common Murre,1,1–10,4,Patch4,-53.5167,49.23333
7/29/2022,Common Murre,1,1–10,2,Patch2,-52.8827,47.03395
7/29/2022,Common Murre,1,1–10,2,Patch2,-52.8827,47.03395
7/30/2022,Common Murre,15,10–50,2,Patch2,-53.3603,46.73612
7/30/2022,Common Murre,2,1–10,3,Patch3,-53.6404,48.03467
7/30/2022,Common Murre,9,1–10,2,Patch2,-53.7482,46.83341
7/31/2022,Common Murre,1,1–10,2,Patch2,-53.2464,46.67028
7/31/2022,Common Murre,9,1–10,2,Patch2,-53.2547,46.71414
7/31/2022,Common Murre,13,10–50,2,Patch2,-53.3603,46.73612
8/1/2022,Common Murre,1,1–10,2,Patch2,-52.807418,47.194698
8/1/2022,Common Murre,1,1–10,2,Patch2,-52.820085,47.245739
8/2/2022,Common Murre,3,1–10,2,Patch2,-52.8246709,47.2420028
8/2/2022,Common Murre,6,1–10,2,Patch2,-52.839185,47.247007
8/3/2022,Common Murre,1,1–10,2,Patch2,-52.816272,47.207594
8/3/2022,Common Murre,1,1–10,2,Patch2,-52.839185,47.247007
8/3/2022,Common Murre,2,1–10,2,Patch2,-52.835573,47.244767
8/4/2022,Common Murre,28,10–50,2,Patch2,-53.26,46.684411
8/4/2022,Common Murre,2,1–10,2,Patch2,-53.26,46.684411
8/4/2022,Common Murre,36,10–50,2,Patch2,-53.26,46.684411
8/5/2022,Common Murre,1,1–10,4,Patch4,-53.8542,49.54149
8/5/2022,Common Murre,29,10–50,4,Patch4,-53.577,49.07472
8/5/2022,Common Murre,5,1–10,4,Patch4,-53.577,49.07472
8/6/2022,Common Murre,1,1–10,2,Patch2,-52.8246709,47.2420028
8/8/2022,Common Murre,15,10–50,3,Patch3,-53.31,48.39185
8/8/2022,Common Murre,2,1–10,2,Patch2,-52.9207,47.37869
8/10/2022,Common Murre,4,1–10,3,Patch3,-53.08,48.4977
8/11/2022,Common Murre,23,10–50,3,Patch3,-53.31,48.3895682
8/12/2022,Common Murre,1,1–10,3,Patch3,-53.4055,48.30356
8/12/2022,Common Murre,1,1–10,2,Patch2,-52.816272,47.207594
8/12/2022,Common Murre,1,1–10,2,Patch2,-52.839185,47.247007
8/13/2022,Common Murre,2,1–10,2,Patch2,-52.823562,47.240308
8/13/2022,Common Murre,1,1–10,2,Patch2,-52.806622,47.281888
8/13/2022,Common Murre,1,1–10,2,Patch2,-52.807418,47.194698
8/14/2022,Common Murre,1,1–10,2,Patch2,-52.807418,47.194698
8/15/2022,Common Murre,15,10–50,3,Patch3,-52.8007,48.13554
8/16/2022,Common Murre,400,100–500,4,Patch4,-53.5,49.260353
8/16/2022,Common Murre,2,1–10,3,Patch3,-52.8956,48.08496
8/16/2022,Common Murre,8,1–10,3,Patch3,-52.8007,48.13554
8/17/2022,Common Murre,2,1–10,3,Patch3,-53.05,47.5309
8/17/2022,Common Murre,100,50–100,4,Patch4,-53.5,49.260353
8/18/2022,Common Murre,65,50–100,4,Patch4,-53.7488,48.65091
8/18/2022,Common Murre,10,1–10,2,Patch2,-52.8827,47.03395
8/18/2022,Common Murre,58,50–100,4,Patch4,-53.7488,48.65091
8/18/2022,Common Murre,39,10–50,3,Patch3,-52.8007,48.13554
8/18/2022,Common Murre,1,1–10,2,Patch2,-52.807418,47.194698
8/19/2022,Common Murre,3,1–10,3,Patch3,-52.8007,48.13554
8/21/2022,Common Murre,1,1–10,2,Patch2,-52.807418,47.194698
8/21/2022,Common Murre,1,1–10,2,Patch2,-52.816272,47.207594
8/22/2022,Common Murre,10,1–10,4,Patch4,-53.7,49.33492
9/3/2022,Common Murre,1,1–10,2,Patch2,-52.816272,47.207594
9/4/2022,Common Murre,27,10–50,4,Patch4,-53.56277,49.27626
9/4/2022,Common Murre,3,1–10,4,Patch4,-53.56277,49.27626
9/5/2022,Common Murre,1,1–10,2,Patch2,-52.840676,47.24854
7/23/2022,Common Murre,1,1–10,2,Patch2,-52.82,47.275
7/5/2022,Common Murre,10,1–10,7,Patch7,-55.937704,46.899622
7/8/2022,Common Murre,14,10–50,7,Patch7,-55.937704,46.899622
7/9/2022,Common Murre,1,1–10,2,Patch2,-52.83,47.244741
7/12/2022,Common Murre,10,1–10,2,Patch2,-53.597749,46.892143
7/12/2022,Common Murre,7,1–10,2,Patch2,-53.636836,46.789008
7/13/2022,Common Murre,18,10–50,1,Patch1,-53.947025,46.882552
7/14/2022,Common Murre,7,1–10,2,Patch2,-53.597749,46.892143
7/14/2022,Common Murre,9,1–10,1,Patch1,-54.08,46.809459
7/14/2022,Common Murre,20,10–50,2,Patch2,-53.597749,46.892143
7/15/2022,Common Murre,24,10–50,7,Patch7,-55.40073,46.882758
7/15/2022,Common Murre,24,10–50,7,Patch7,-55.420846,46.880383
7/15/2022,Common Murre,4,1–10,7,Patch7,-55.66,46.88
7/15/2022,Common Murre,22,10–50,7,Patch7,-55.717573,46.879329
7/15/2022,Common Murre,11,10–50,7,Patch7,-55.810859,46.86116
7/15/2022,Common Murre,10,1–10,7,Patch7,-55.899048,46.89126
7/15/2022,Common Murre,15,10–50,2,Patch2,-52.83,47.244741
7/16/2022,Common Murre,188,100–500,5,Patch5,-56.921996,51.059251
7/16/2022,Common Murre,25,10–50,2,Patch2,-53.636836,46.789008
7/16/2022,Common Murre,30,10–50,2,Patch2,-53.2547,46.71414
7/17/2022,Common Murre,233,100–500,7,Patch7,-55.937704,46.899622
7/17/2022,Common Murre,37,10–50,1,Patch1,-54.08,46.809459
9/17/2022,Common Murre,2,1–10,5,Patch5,-57.0643,51.43426
7/17/2022,Common Murre,15,10–50,1,Patch1,-54.08,46.809459
8/31/2022,Common Murre,2,1–10,5,Patch5,-56.3002,52.54331
8/17/2022,Common Murre,1,1–10,5,Patch5,-56.7278,51.30004
8/12/2022,Common Murre,12,10–50,4,Patch4,-53.5524,49.16545
7/6/2022,Common Murre,1,1–10,1,Patch1,-53.95038,46.8801
7/13/2022,Common Murre,10,1–10,2,Patch2,-53.59775,46.8922
7/13/2022,Common Murre,7,1–10,2,Patch2,-53.63737,46.80076
7/13/2022,Common Murre,8,1–10,7,Patch7,-55.67023,46.88089
7/13/2022,Common Murre,10,1–10,1,Patch1,-54.17298,46.91992
7/13/2022,Common Murre,6,1–10,1,Patch1,-53.9587,46.8833
7/13/2022,Common Murre,12,10–50,1,Patch1,-54.0025,47.23164
7/13/2022,Common Murre,3,1–10,1,Patch1,-54.14797,46.82288
7/13/2022,Common Murre,10,1–10,7,Patch7,-56.3159,46.8852
7/13/2022,Common Murre,4,1–10,7,Patch7,-55.37769,46.91026
7/14/2022,Common Murre,14,10–50,1,Patch1,-54.08388,46.81375
7/15/2022,Common Murre,15,10–50,2,Patch2,-52.83255,47.28286
7/15/2022,Common Murre,237,100–500,7,Patch7,-55.67023,46.88089
7/16/2022,Common Murre,50,10–50,7,Patch7,-55.40012,46.88156
7/17/2022,Common Murre,6,1–10,1,Patch1,-54.11675,47.03362
7/17/2022,Common Murre,6,1–10,3,Patch3,-53.64029,48.03469
7/17/2022,Common Murre,2,1–10,6,Patch6,-57.91477,49.50234
7/17/2022,Common Murre,26,10–50,1,Patch1,-53.98691,47.30333
7/17/2022,Common Murre,80,50–100,2,Patch2,-53.63737,46.80076
7/18/2022,Common Murre,1,1–10,2,Patch2,-52.77317,47.26314
7/18/2022,Common Murre,200,100–500,7,Patch7,-55.40012,46.88156
7/18/2022,Common Murre,1,1–10,7,Patch7,-55.40012,46.88156
7/21/2022,Common Murre,1,1–10,1,Patch1,-53.96832,47.39145
7/22/2022,Common Murre,35,10–50,2,Patch2,-53.25473,46.71414
7/22/2022,Common Murre,12,10–50,2,Patch2,-53.63737,46.80076
7/22/2022,Common Murre,6,1–10,1,Patch1,-54.08388,46.81375
7/24/2022,Common Murre,2,1–10,2,Patch2,-52.81463,47.31861
7/24/2022,Common Murre,4,1–10,1,Patch1,-54.172268,46.919953
7/25/2022,Common Murre,100,50–100,2,Patch2,-53.59775,46.8922
7/26/2022,Common Murre,1,1–10,1,Patch1,-53.66332,47.15187
7/27/2022,Common Murre,55,50–100,1,Patch1,-54.08388,46.81375
7/27/2022,Common Murre,175,100–500,1,Patch1,-54.2174906,46.3697661
7/28/2022,Common Murre,1,1–10,4,Patch4,-53.51658,49.23364
7/29/2022,Common Murre,2,1–10,2,Patch2,-52.87952,47.03438
7/29/2022,Common Murre,1,1–10,6,Patch6,-59.31022,47.66385
7/30/2022,Common Murre,1,1–10,3,Patch3,-53.03202,48.625
7/30/2022,Common Murre,50,10–50,4,Patch4,-53.51658,49.23364
7/30/2022,Common Murre,96,50–100,2,Patch2,-53.38233,46.72467
7/30/2022,Common Murre,15,10–50,2,Patch2,-53.38233,46.72467
7/30/2022,Common Murre,2,1–10,4,Patch4,-53.91829,49.43927
7/30/2022,Common Murre,2,1–10,3,Patch3,-53.64029,48.03469
7/30/2022,Common Murre,9,1–10,1,Patch1,-54.15811,46.96008
7/30/2022,Common Murre,2,1–10,2,Patch2,-53.61425,46.8708
7/30/2022,Common Murre,4,1–10,1,Patch1,-53.95038,46.8801
7/31/2022,Common Murre,1,1–10,1,Patch1,-54.11675,47.03362
7/31/2022,Common Murre,135,100–500,1,Patch1,-54.08388,46.81375
8/1/2022,Common Murre,11,10–50,4,Patch4,-53.7527802,48.6526435
8/1/2022,Common Murre,135,100–500,1,Patch1,-54.08388,46.81375
8/1/2022,Common Murre,1,1–10,6,Patch6,-59.25679,47.63479
8/4/2022,Common Murre,28,10–50,5,Patch5,-56.78288,51.2008
8/4/2022,Common Murre,36,10–50,5,Patch5,-56.78288,51.2008
8/4/2022,Common Murre,2,1–10,4,Patch4,-53.6899,49.35108
8/5/2022,Common Murre,2,1–10,4,Patch4,-53.59849,49.29533
8/5/2022,Common Murre,2,1–10,4,Patch4,-53.49496,49.23485
8/5/2022,Common Murre,97,50–100,1,Patch1,-54.08388,46.81375
8/6/2022,Common Murre,30,10–50,3,Patch3,-53.26614,48.37007
8/10/2022,Common Murre,12,10–50,3,Patch3,-53.11205,48.65539
8/10/2022,Common Murre,7,1–10,4,Patch4,-53.91829,49.43927
8/12/2022,Common Murre,10,1–10,3,Patch3,-53.32647,48.3921
8/14/2022,Common Murre,2,1–10,7,Patch7,-55.17476,47.05349
8/14/2022,Common Murre,4,1–10,3,Patch3,-52.63325,47.51766
8/13/2022,Common Murre,5,1–10,1,Patch1,-54.0025,47.23164
8/13/2022,Common Murre,10,1–10,3,Patch3,-52.69614,47.65102
8/16/2022,Common Murre,25,10–50,1,Patch1,-54.188114,46.821661
8/16/2022,Common Murre,3,1–10,4,Patch4,-53.57648,48.43917
8/16/2022,Common Murre,9,1–10,2,Patch2,-53.2466,46.67181
8/16/2022,Common Murre,113,100–500,2,Patch2,-53.25473,46.71414
8/16/2022,Common Murre,10,1–10,5,Patch5,-56.78288,51.2008
8/10/2022,Common Murre,15,10–50,3,Patch3,-53.29841,48.38368
8/16/2022,Common Murre,2,1–10,4,Patch4,-53.88673,49.41809
8/18/2022,Common Murre,12,10–50,3,Patch3,-53.15244,47.78465
8/17/2022,Common Murre,9,1–10,3,Patch3,-52.83657,48.12389
8/19/2022,Common Murre,1,1–10,2,Patch2,-52.81463,47.31861
8/22/2022,Common Murre,10,1–10,4,Patch4,-53.6899,49.35108
8/21/2022,Common Murre,40,10–50,3,Patch3,-53.40551,48.30361
8/20/2022,Common Murre,2,1–10,7,Patch7,-55.62183,46.87743
8/26/2022,Common Murre,11,10–50,1,Patch1,-53.98682,47.30214
8/31/2022,Common Murre,22,10–50,4,Patch4,-53.56292,49.27629
8/25/2022,Common Murre,1,1–10,3,Patch3,-52.89628,48.08512
9/1/2022,Common Murre,3,1–10,4,Patch4,-53.91829,49.43927
9/4/2022,Common Murre,1,1–10,2,Patch2,-52.81463,47.31861
8/15/2022,Common Murre,1,1–10,3,Patch3,-53.07826,47.93607
8/19/2022,Common Murre,6,1–10,3,Patch3,-53.68487,48.01128
8/19/2022,Common Murre,12,10–50,3,Patch3,-53.07093,47.91239
8/14/2022,Common Murre,1,1–10,3,Patch3,-53.04637,48.63442
7/27/2022,Common Murre,40,10–50,7,Patch7,-55.3952,46.92517
7/28/2022,Common Murre,27,10–50,1,Patch1,-54.0837,46.81332
7/28/2022,Common Murre,8,1–10,2,Patch2,-52.8515,47.21719
7/28/2022,Common Murre,12,10–50,2,Patch2,-53.3603,46.73612
7/28/2022,Common Murre,2,1–10,2,Patch2,-52.8124,47.31183
7/29/2022,Common Murre,100,50–100,3,Patch3,-52.7126,47.56151
7/29/2022,Common Murre,16,10–50,2,Patch2,-52.9502,47.0965
7/29/2022,Common Murre,6,1–10,4,Patch4,-53.599,49.29494
7/29/2022,Common Murre,2,1–10,2,Patch2,-52.8019,47.24995
7/30/2022,Common Murre,6,1–10,2,Patch2,-52.9502,47.0965
7/30/2022,Common Murre,11,10–50,4,Patch4,-53.577,49.07472
7/30/2022,Common Murre,3,1–10,4,Patch4,-53.577,49.07472
8/1/2022,Common Murre,11,10–50,4,Patch4,-53.577,49.07472
8/1/2022,Common Murre,1,1–10,4,Patch4,-53.577,49.07472
8/2/2022,Common Murre,7,1–10,4,Patch4,-53.577,49.07472
8/2/2022,Common Murre,1,1–10,4,Patch4,-53.577,49.07472
8/3/2022,Common Murre,7,1–10,4,Patch4,-53.577,49.07472
8/3/2022,Common Murre,1,1–10,4,Patch4,-53.577,49.07472
8/3/2022,Common Murre,1,1–10,4,Patch4,-53.577,49.07472
8/4/2022,Common Murre,16,10–50,4,Patch4,-54.6074,49.64397
8/4/2022,Common Murre,4,1–10,4,Patch4,-54.6074,49.64397
8/4/2022,Common Murre,2,1–10,4,Patch4,-53.7127,48.5753
8/4/2022,Common Murre,3,1–10,4,Patch4,-53.7127,48.5753
7/28/2022,Common Murre,100,50–100,4,Patch4,-53.6586,48.86508
8/4/2022,Common Murre,25,10–50,3,Patch3,-53.0849,48.49774
8/5/2022,Common Murre,2,1–10,4,Patch4,-53.6696,48.93568
8/5/2022,Common Murre,50,10–50,1,Patch1,-53.6633,47.15182
8/5/2022,Common Murre,1,1–10,1,Patch1,-53.9887,47.75744
8/5/2022,Common Murre,1,1–10,3,Patch3,-53.065,48.53721
8/8/2022,Common Murre,30,10–50,3,Patch3,-53.2659,48.36857
8/11/2022,Common Murre,13,10–50,3,Patch3,-53.3259,48.39211
8/11/2022,Common Murre,15,10–50,7,Patch7,-55.4205,46.87848
8/11/2022,Common Murre,1,1–10,4,Patch4,-53.9069,48.9879
8/16/2022,Common Murre,1,1–10,3,Patch3,-53.3587,48.36774
8/16/2022,Common Murre,31,10–50,3,Patch3,-53.3587,48.36774
8/19/2022,Common Murre,23,10–50,1,Patch1,-53.4498,47.18349
8/21/2022,Common Murre,3,1–10,1,Patch1,-53.5449,47.55167
7/27/2022,Common Murre,2,1–10,1,Patch1,-54.1859,47.10301
7/29/2022,Common Murre,1,1–10,4,Patch4,-53.9595,49.45189
7/30/2022,Common Murre,1,1–10,4,Patch4,-53.599,49.29494
7/12/2022,Common Murre,8,1–10,2,Patch2,-53.5977,46.89214
7/14/2022,Common Murre,10,1–10,1,Patch1,-54.0837,46.81332
7/14/2022,Common Murre,1,1–10,1,Patch1,-54.0837,46.81332
7/15/2022,Common Murre,5,1–10,2,Patch2,-52.841,47.24489
7/15/2022,Common Murre,5,1–10,2,Patch2,-52.841,47.24489
7/16/2022,Common Murre,150,100–500,7,Patch7,-55.3952,46.92517
7/19/2022,Common Murre,40,10–50,2,Patch2,-53.5977,46.89214
7/19/2022,Common Murre,2,1–10,2,Patch2,-53.5977,46.89214
7/19/2022,Common Murre,108,100–500,2,Patch2,-53.6371,46.78933
7/22/2022,Common Murre,90,50–100,2,Patch2,-53.5977,46.89214
7/22/2022,Common Murre,15,10–50,2,Patch2,-53.5977,46.89214
7/24/2022,Common Murre,2,1–10,4,Patch4,-53.6204,48.88969
8/3/2022,Common Murre,1,1–10,4,Patch4,-54.1404,49.66902
7/24/2022,Common Murre,1,1–10,1,Patch1,-54.205611,46.8595
7/24/2022,Common Murre,1,1–10,1,Patch1,-54.205611,46.8595
7/24/2022,Common Murre,1,1–10,1,Patch1,-54.205611,46.8595
7/28/2022,Common Murre,1,1–10,1,Patch1,-54.193278,46.955472
8/2/2022,Common Murre,1,1–10,1,Patch1,-54.20663,46.82106
8/4/2022,Common Murre,1,1–10,1,Patch1,-54.19466,46.94321
8/4/2022,Common Murre,1,1–10,1,Patch1,-54.16995,46.98958
8/4/2022,Common Murre,1,1–10,1,Patch1,-54.1727,46.9821
8/4/2022,Common Murre,1,1–10,1,Patch1,-54.17991,46.97066
8/4/2022,Common Murre,1,1–10,1,Patch1,-54.19536,46.9338
8/4/2022,Common Murre,1,1–10,1,Patch1,-54.18878,46.90612
8/4/2022,Common Murre,1,1–10,1,Patch1,-54.17738,46.918358
8/6/2022,Common Murre,1,1–10,1,Patch1,-54.1864,46.90766
7/29/2022,Common Murre,1,1–10,4,Patch4,-53.9519,49.45204
7/30/2022,Common Murre,1,1–10,4,Patch4,-53.1721,48.74788
8/1/2022,Common Murre,1,1–10,4,Patch4,-53.7799,49.57984
8/3/2022,Common Murre,1,1–10,4,Patch4,-53.6115,49.30853
8/3/2022,Common Murre,1,1–10,4,Patch4,-53.6115,49.30853
8/4/2022,Common Murre,1,1–10,4,Patch4,-53.8730411,49.5271564
8/5/2022,Common Murre,1,1–10,4,Patch4,-53.6115,49.30853
8/11/2022,Common Murre,1,1–10,4,Patch4,-53.59,49.29925
8/12/2022,Common Murre,1,1–10,4,Patch4,-53.7799,49.57984
8/16/2022,Common Murre,1,1–10,4,Patch4,-53.5716,49.29117
8/16/2022,Common Murre,1,1–10,4,Patch4,-53.4361833,49.2324833
8/16/2022,Common Murre,1,1–10,4,Patch4,-53.4102,49.2489
8/16/2022,Common Murre,1,1–10,3,Patch3,-52.7744153,47.811093
8/16/2022,Common Murre,1,1–10,3,Patch3,-53.0390376,47.9522043
8/16/2022,Common Murre,1,1–10,3,Patch3,-53.0390376,47.9522043
8/16/2022,Common Murre,1,1–10,3,Patch3,-52.9377,47.89159
8/16/2022,Common Murre,1,1–10,3,Patch3,-52.775963,47.8123416
8/16/2022,Common Murre,1,1–10,4,Patch4,-53.5228,49.3031
8/16/2022,Common Murre,1,1–10,4,Patch4,-53.5228,49.3031
8/16/2022,Common Murre,1,1–10,4,Patch4,-53.5228,49.3031
8/16/2022,Common Murre,1,1–10,4,Patch4,-53.7987667,49.4560333
8/31/2022,Common Murre,1,1–10,5,Patch5,-55.700868,52.369401
9/17/2022,Common Murre,1,1–10,5,Patch5,-57.060831,51.428353
5/11/2022,Common Murre,2,1–10,5,Patch5,-59.1764,55.0862
5/10/2022,Common Murre,1,1–10,6,Patch6,-59.7725,54.9082
8/8/2022,Common Murre,7,1–10,3,Patch3,-53.3276,48.39661
8/8/2022,Common Murre,1,1–10,3,Patch3,-53.3276,48.39661
8/8/2022,Common Murre,7,1–10,3,Patch3,-53.0134,48.61898
8/15/2022,Common Murre,1,1–10,4,Patch4,-53.5778,49.08009
7/30/2022,Common Murre,1,1–10,4,Patch4,-53.5012,49.246
8/10/2022,Common Murre,10,1–10,3,Patch3,-53.0189,48.53717
8/11/2022,Common Murre,1,1–10,3,Patch3,-53.4091,48.3041
8/9/2022,Common Murre,1,1–10,3,Patch3,-53.4091,48.3041
8/17/2022,Common Murre,101,100–500,4,Patch4,-53.4841,49.24179
8/4/2022,Common Murre,123,100–500,1,Patch1,-54.0877976,46.8105
8/8/2022,Common Murre,130,100–500,1,Patch1,-54.0877976,46.8105
8/10/2022,Common Murre,3,1–10,1,Patch1,-54.0877976,46.8105
8/15/2022,Common Murre,12,10–50,1,Patch1,-54.0877976,46.8105
8/16/2022,Common Murre,18,10–50,1,Patch1,-54.0877976,46.8105
8/23/2022,Common Murre,15,10–50,1,Patch1,-54.0877976,46.8105
8/27/2022,Common Murre,15,10–50,1,Patch1,-54.0877976,46.8105
8/29/2022,Common Murre,17,10–50,1,Patch1,-54.0877976,46.8105
8/30/2022,Common Murre,16,10–50,1,Patch1,-54.0877976,46.8105
9/1/2022,Common Murre,15,10–50,1,Patch1,-54.0877976,46.8105
9/2/2022,Common Murre,19,10–50,1,Patch1,-54.0877976,46.8105
8/5/2022,Common Murre,12,10–50,1,Patch1,-54.0877976,46.8105
4/23/2022,Common Murre,5,1–10,6,Patch6,-57.8857,49.5295
7/12/2022,Common Murre,4,1–10,2,Patch2,-53.6368,46.8003
7/24/2022,Common Murre,1,1–10,6,Patch6,-59.2094,47.5851
7/31/2022,Common Murre,1,1–10,3,Patch3,-53.1539,48.656
8/3/2022,Common Murre,1,1–10,2,Patch2,-52.8325,47.2827
8/6/2022,Common Murre,2,1–10,3,Patch3,-53.0476,48.6347
8/7/2022,Common Murre,8,1–10,3,Patch3,-53.3259,48.3921
8/8/2022,Common Murre,1,1–10,3,Patch3,-53.0314,48.6246
8/10/2022,Common Murre,4,1–10,3,Patch3,-53.0849,48.4977
8/11/2022,Common Murre,23,10–50,3,Patch3,-53.3259,48.3921
8/11/2022,Common Murre,20,10–50,3,Patch3,-53.0417,48.6384
8/16/2022,Common Murre,2,1–10,3,Patch3,-53.0402,48.5456
8/17/2022,Common Murre,102,100–500,4,Patch4,-53.4842,49.238
7/17/2022,Common Murre,1,1–10,1,Patch1,-54.08,46.809459
8/5/2022,Common Murre,1,1–10,1,Patch1,-54.0853863,46.8099362
8/7/2022,Common Murre,1,1–10,3,Patch3,-53.3573389,48.3666333
8/10/2022,Common Murre,1,1–10,3,Patch3,-53.7446344,48.1536851
8/10/2022,Common Murre,1,1–10,3,Patch3,-53.745245,48.1544244
8/12/2022,Common Murre,1,1–10,4,Patch4,-53.935623,49.4445034
8/15/2022,Common Murre,1,1–10,3,Patch3,-53.7435848,48.1533275
8/19/2022,Common Murre,1,1–10,4,Patch4,-53.916378,49.4390694
9/5/2022,Common Murre,1,1–10,3,Patch3,-52.6887383,47.5345283
8/13/2022,Common Murre,1,1–10,3,Patch3,-53.1983867,47.7433083
8/13/2022,Common Murre,1,1–10,3,Patch3,-53.1974917,47.72003
7/30/2022,Common Murre,2,1–10,2,Patch2,-53.3603,46.73612
8/18/2022,Common Murre,1,1–10,4,Patch4,-53.7488,48.65091
7/22/2022,Common Murre,151,100–500,1,Patch1,-54.08388,46.81375
7/27/2022,Common Murre,4,1–10,1,Patch1,-54.08388,46.81375
7/30/2022,Common Murre,2,1–10,2,Patch2,-53.38233,46.72467
8/4/2022,Common Murre,2,1–10,5,Patch5,-56.78288,51.2008
8/5/2022,Common Murre,3,1–10,1,Patch1,-54.08388,46.81375
8/31/2022,Common Murre,3,1–10,4,Patch4,-53.56292,49.27629
8/4/2022,Common Murre,10,1–10,1,Patch1,-54.0877976,46.8105
8/8/2022,Common Murre,8,1–10,1,Patch1,-54.0877976,46.8105
8/23/2022,Common Murre,1,1–10,1,Patch1,-54.0877976,46.8105
7/14/2022,Common Murre,1,1–10,2,Patch2,-53.6,46.89
7/14/2022,Common Murre,1,1–10,2,Patch2,-53.6,46.89
7/8/2022,Common Murre,1,1–10,7,Patch7,-55.92,46.9
7/8/2022,Common Murre,1,1–10,7,Patch7,-55.92,46.9
7/8/2022,Common Murre,1,1–10,7,Patch7,-55.92,46.9
7/8/2022,Common Murre,1,1–10,7,Patch7,-55.92,46.9
7/8/2022,Common Murre,1,1–10,7,Patch7,-55.92,46.9
7/8/2022,Common Murre,1,1–10,7,Patch7,-55.92,46.9
7/8/2022,Common Murre,1,1–10,7,Patch7,-55.92,46.9
7/8/2022,Common Murre,1,1–10,7,Patch7,-55.92,46.9
7/8/2022,Common Murre,1,1–10,7,Patch7,-55.92,46.9
7/8/2022,Common Murre,1,1–10,7,Patch7,-55.92,46.9
7/19/2022,Common Murre,1,1–10,2,Patch2,-53.6,46.89
7/17/2022,Common Murre,6,1–10,1,Patch1,-54.093611,47.070464
7/25/2022,Common Murre,1,1–10,3,Patch3,-53.04,47.95
7/25/2022,Common Murre,1,1–10,3,Patch3,-53.04,47.95
7/25/2022,Common Murre,1,1–10,3,Patch3,-53.04,47.95
7/25/2022,Common Murre,1,1–10,3,Patch3,-53.04,47.95
7/25/2022,Common Murre,1,1–10,3,Patch3,-53.04,47.95
7/25/2022,Common Murre,1,1–10,3,Patch3,-53.04,47.95
7/17/2022,Common Murre,2,1–10,1,Patch1,-54.015048,47.227783
7/25/2022,Common Murre,1,1–10,3,Patch3,-53.04,47.95
8/1/2022,Common Murre,1,1–10,4,Patch4,-53.58,49.07
8/1/2022,Common Murre,1,1–10,4,Patch4,-53.58,49.07
7/31/2022,Common Murre,1,1–10,4,Patch4,-53.52,49.23
7/30/2022,Common Murre,1,1–10,4,Patch4,-53.58,49.07
7/30/2022,Common Murre,1,1–10,4,Patch4,-53.58,49.07
7/17/2022,Common Murre,100,50–100,7,Patch7,-55.62,46.86937
8/1/2022,Common Murre,1,1–10,4,Patch4,-53.58,49.07
7/30/2022,Common Murre,1,1–10,4,Patch4,-53.73,48.64
7/30/2022,Common Murre,1,1–10,4,Patch4,-53.73,48.64
7/30/2022,Common Murre,1,1–10,4,Patch4,-53.73,48.64
7/30/2022,Common Murre,1,1–10,4,Patch4,-53.73,48.64
7/17/2022,Common Murre,28,10–50,1,Patch1,-53.970376,47.312761
7/18/2022,Common Murre,9,1–10,1,Patch1,-54.093611,47.070464
7/18/2022,Common Murre,9,1–10,1,Patch1,-54.147028,47.001292
8/5/2022,Common Murre,1,1–10,4,Patch4,-53.603301,49.2960001
8/5/2022,Common Murre,1,1–10,4,Patch4,-53.603301,49.2960001
8/5/2022,Common Murre,1,1–10,4,Patch4,-53.5157458,49.2336346
7/18/2022,Common Murre,4,1–10,2,Patch2,-53.574783,46.984869
8/5/2022,Common Murre,1,1–10,4,Patch4,-53.5157458,49.2336346
8/25/2022,Common Murre,1,1–10,4,Patch4,-53.700263,49.345484
8/4/2022,Common Murre,1,1–10,4,Patch4,-53.700263,49.345484
8/4/2022,Common Murre,1,1–10,4,Patch4,-53.700263,49.345484
7/18/2022,Common Murre,30,10–50,7,Patch7,-55.40073,46.882758
7/19/2022,Common Murre,101,100–500,2,Patch2,-53.5977,46.89214
7/19/2022,Common Murre,1,1–10,2,Patch2,-53.5977,46.89214
7/20/2022,Common Murre,10,1–10,2,Patch2,-52.830932,47.278878
7/20/2022,Common Murre,50,10–50,7,Patch7,-55.40073,46.882758
7/20/2022,Common Murre,50,10–50,1,Patch1,-54.174969,46.92027
7/20/2022,Common Murre,18,10–50,2,Patch2,-53.5977,46.89214
7/21/2022,Common Murre,1,1–10,4,Patch4,-53.6237,49.31345
5/22/2022,Northern Gannet,1,1–10,7,Patch7,-55.66,46.88
5/22/2022,Northern Gannet,1,1–10,7,Patch7,-55.6701,46.8808
6/2/2022,Northern Gannet,1,1–10,2,Patch2,-53.58,46.86
6/5/2022,Northern Gannet,4,1–10,1,Patch1,-54.19,46.82
6/5/2022,Northern Gannet,1,1–10,1,Patch1,-54.19591,46.82332
6/5/2022,Northern Gannet,3,1–10,1,Patch1,-54.19591,46.82332
6/5/2022,Northern Gannet,2,1–10,1,Patch1,-54.17298,46.91992
6/5/2022,Northern Gannet,1,1–10,1,Patch1,-54.2,46.82
6/6/2022,Northern Gannet,2,1–10,2,Patch2,-53.58,46.8611
6/14/2022,Northern Gannet,1,1–10,2,Patch2,-53.58,46.86
7/10/2022,Northern Gannet,2,1–10,1,Patch1,-54.202,46.816
7/12/2022,Northern Gannet,1,1–10,2,Patch2,-53.597749,46.892143
7/12/2022,Northern Gannet,1,1–10,2,Patch2,-53.5977,46.89214
7/13/2022,Northern Gannet,2,1–10,1,Patch1,-53.947025,46.882552
7/13/2022,Northern Gannet,1,1–10,2,Patch2,-53.59775,46.8922
7/13/2022,Northern Gannet,1,1–10,1,Patch1,-54.17298,46.91992
7/13/2022,Northern Gannet,6,1–10,7,Patch7,-55.67023,46.88089
7/13/2022,Northern Gannet,2,1–10,7,Patch7,-55.80345,46.86907
7/13/2022,Northern Gannet,1,1–10,1,Patch1,-53.95,46.88
7/13/2022,Northern Gannet,1,1–10,1,Patch1,-53.95,46.88
7/14/2022,Northern Gannet,4,1–10,2,Patch2,-53.597749,46.892143
7/14/2022,Northern Gannet,2,1–10,1,Patch1,-54.08,46.809459
7/14/2022,Northern Gannet,1,1–10,1,Patch1,-54.08388,46.81375
7/14/2022,Northern Gannet,1,1–10,1,Patch1,-54.0837,46.81332
7/14/2022,Northern Gannet,1,1–10,2,Patch2,-53.6,46.89
7/15/2022,Northern Gannet,1,1–10,7,Patch7,-55.717573,46.879329
7/15/2022,Northern Gannet,1,1–10,7,Patch7,-55.899048,46.89126
7/15/2022,Northern Gannet,7,1–10,7,Patch7,-55.67023,46.88089
7/16/2022,Northern Gannet,4,1–10,2,Patch2,-53.2547,46.71414
7/17/2022,Northern Gannet,8,1–10,7,Patch7,-55.937704,46.899622
7/17/2022,Northern Gannet,20,10–50,1,Patch1,-54.18231,46.81866
7/17/2022,Northern Gannet,1,1–10,1,Patch1,-53.98691,47.30333
7/17/2022,Northern Gannet,10,1–10,1,Patch1,-54.08,46.809459
7/17/2022,Northern Gannet,2,1–10,1,Patch1,-54.093611,47.070464
7/17/2022,Northern Gannet,20,10–50,1,Patch1,-54.2,46.821
7/17/2022,Northern Gannet,1,1–10,1,Patch1,-53.970376,47.312761
7/17/2022,Northern Gannet,1,1–10,1,Patch1,-54.086754,46.809853
7/17/2022,Northern Gannet,1,1–10,1,Patch1,-54.086754,46.809853
7/17/2022,Northern Gannet,1,1–10,1,Patch1,-54.086754,46.809853
7/17/2022,Northern Gannet,1,1–10,1,Patch1,-54.086754,46.809853
7/17/2022,Northern Gannet,1,1–10,1,Patch1,-54.086754,46.809853
7/17/2022,Northern Gannet,1,1–10,1,Patch1,-54.086754,46.809853
7/17/2022,Northern Gannet,1,1–10,1,Patch1,-54.086754,46.809853
7/17/2022,Northern Gannet,1,1–10,1,Patch1,-54.086754,46.809853
7/18/2022,Northern Gannet,1,1–10,7,Patch7,-55.9361494,46.8984392
7/18/2022,Northern Gannet,3,1–10,1,Patch1,-54.093611,47.070464
7/18/2022,Northern Gannet,3,1–10,1,Patch1,-54.1371,47.00325
7/18/2022,Northern Gannet,5,1–10,7,Patch7,-55.40073,46.882758
7/19/2022,Northern Gannet,5,1–10,2,Patch2,-53.6371,46.78933
7/19/2022,Northern Gannet,1,1–10,2,Patch2,-53.64,46.8
7/19/2022,Northern Gannet,1,1–10,2,Patch2,-53.6,46.89
7/19/2022,Northern Gannet,1,1–10,2,Patch2,-53.5977,46.89214
7/20/2022,Northern Gannet,5,1–10,2,Patch2,-53.368065,46.726162
7/21/2022,Northern Gannet,5,1–10,2,Patch2,-53.6164,46.99642
7/22/2022,Northern Gannet,3,1–10,2,Patch2,-53.3603,46.73612
7/22/2022,Northern Gannet,1,1–10,1,Patch1,-53.5147,47.1352
7/22/2022,Northern Gannet,1,1–10,1,Patch1,-54.1723,46.91995
7/22/2022,Northern Gannet,18,10–50,1,Patch1,-54.08388,46.81375
7/22/2022,Northern Gannet,7,1–10,1,Patch1,-54.1846,46.8223
7/22/2022,Northern Gannet,1,1–10,1,Patch1,-54.1846,46.8223
7/23/2022,Northern Gannet,2,1–10,1,Patch1,-53.5664,47.06866
7/24/2022,Northern Gannet,5,1–10,1,Patch1,-54.18,46.81786
7/24/2022,Northern Gannet,12,10–50,2,Patch2,-53.2547,46.71414
7/24/2022,Northern Gannet,12,10–50,2,Patch2,-53.6371,46.78933
7/24/2022,Northern Gannet,12,10–50,1,Patch1,-54.0877,46.81008
7/24/2022,Northern Gannet,2,1–10,1,Patch1,-54.172268,46.919953
7/24/2022,Northern Gannet,1,1–10,1,Patch1,-54.209564,46.89437
7/25/2022,Northern Gannet,3,1–10,1,Patch1,-53.9868,47.30205
7/26/2022,Northern Gannet,12,10–50,1,Patch1,-54.08,46.809459
7/26/2022,Northern Gannet,1,1–10,2,Patch2,-53.37313,46.7259167
7/27/2022,Northern Gannet,14,10–50,1,Patch1,-54.08388,46.81375
7/27/2022,Northern Gannet,2,1–10,1,Patch1,-54.1859,47.10301
7/28/2022,Northern Gannet,1,1–10,1,Patch1,-54.0837,46.81332
7/29/2022,Northern Gannet,365,100–500,1,Patch1,-54.19889,46.83323
7/29/2022,Northern Gannet,200,100–500,1,Patch1,-54.18,46.81786
7/30/2022,Northern Gannet,5,1–10,2,Patch2,-53.3603,46.73612
7/30/2022,Northern Gannet,1,1–10,2,Patch2,-53.7482,46.83341
7/30/2022,Northern Gannet,5,1–10,2,Patch2,-53.38233,46.72467
7/30/2022,Northern Gannet,1,1–10,1,Patch1,-54.15811,46.96008
7/30/2022,Northern Gannet,1,1–10,2,Patch2,-53.3712447,46.7264782
7/31/2022,Northern Gannet,11,10–50,2,Patch2,-53.2547,46.71414
7/31/2022,Northern Gannet,1,1–10,1,Patch1,-54.11675,47.03362
7/31/2022,Northern Gannet,25,10–50,1,Patch1,-54.08388,46.81375
8/1/2022,Northern Gannet,22,10–50,1,Patch1,-54.08388,46.81375
8/1/2022,Northern Gannet,1,1–10,2,Patch2,-53.6346154,46.7878286
8/2/2022,Northern Gannet,1,1–10,1,Patch1,-54.1852,46.91544
8/2/2022,Northern Gannet,1,1–10,1,Patch1,-54.19583,46.9046
8/2/2022,Northern Gannet,1,1–10,1,Patch1,-54.21652,46.88801
8/2/2022,Northern Gannet,1,1–10,1,Patch1,-54.19736,46.81895
8/2/2022,Northern Gannet,1,1–10,1,Patch1,-54.19736,46.81895
8/2/2022,Northern Gannet,1,1–10,1,Patch1,-54.19736,46.81895
8/2/2022,Northern Gannet,1,1–10,1,Patch1,-54.19736,46.81895
8/2/2022,Northern Gannet,1,1–10,1,Patch1,-54.20614,46.81991
8/2/2022,Northern Gannet,1,1–10,1,Patch1,-54.20663,46.82106
8/2/2022,Northern Gannet,1,1–10,1,Patch1,-54.20241,46.85406
8/4/2022,Northern Gannet,6,1–10,2,Patch2,-53.26,46.684411
8/4/2022,Northern Gannet,8,1–10,2,Patch2,-53.26,46.684411
8/4/2022,Northern Gannet,1,1–10,1,Patch1,-54.19059,46.96476
8/4/2022,Northern Gannet,1,1–10,1,Patch1,-54.16812,46.99824
8/4/2022,Northern Gannet,1,1–10,1,Patch1,-54.18789,46.91425
8/4/2022,Northern Gannet,1,1–10,1,Patch1,-54.19972,46.90387
8/4/2022,Northern Gannet,1,1–10,1,Patch1,-54.19972,46.90387
8/4/2022,Northern Gannet,40,10–50,1,Patch1,-54.0877976,46.8105
8/4/2022,Northern Gannet,1,1–10,1,Patch1,-54.1922046,46.823281
8/5/2022,Northern Gannet,50,10–50,1,Patch1,-54.1846,46.8223
8/5/2022,Northern Gannet,2,1–10,7,Patch7,-55.4204,46.87839
8/5/2022,Northern Gannet,1,1–10,1,Patch1,-54.0878339,46.8098526
8/5/2022,Northern Gannet,25,10–50,1,Patch1,-54.08388,46.81375
8/5/2022,Northern Gannet,43,10–50,1,Patch1,-54.0877976,46.8105
8/8/2022,Northern Gannet,6,1–10,1,Patch1,-53.53557,47.17471
8/8/2022,Northern Gannet,52,50–100,1,Patch1,-54.0877976,46.8105
8/11/2022,Northern Gannet,1,1–10,7,Patch7,-55.619845,46.8979457
8/11/2022,Northern Gannet,71,50–100,2,Patch2,-53.6368,46.8003
8/12/2022,Northern Gannet,1,1–10,7,Patch7,-55.4826538,46.9298025
8/13/2022,Northern Gannet,1,1–10,1,Patch1,-54.15743,47.85255
8/14/2022,Northern Gannet,3,1–10,7,Patch7,-55.17476,47.05349
8/15/2022,Northern Gannet,8,1–10,7,Patch7,-55.16,47.1650754
8/15/2022,Northern Gannet,1,1–10,1,Patch1,-53.91991,47.42746
8/15/2022,Northern Gannet,16,10–50,1,Patch1,-54.14797,46.82288
8/15/2022,Northern Gannet,7,1–10,1,Patch1,-54.14797,46.82288
8/15/2022,Northern Gannet,10,1–10,7,Patch7,-55.17476,47.05349
8/15/2022,Northern Gannet,4,1–10,1,Patch1,-54.0877976,46.8105
8/16/2022,Northern Gannet,164,100–500,1,Patch1,-54.188114,46.821661
8/16/2022,Northern Gannet,8,1–10,2,Patch2,-53.2466,46.67181
8/16/2022,Northern Gannet,39,10–50,2,Patch2,-53.25473,46.71414
8/16/2022,Northern Gannet,7,1–10,2,Patch2,-53.2466,46.67181
8/16/2022,Northern Gannet,3,1–10,2,Patch2,-53.25473,46.71414
8/16/2022,Northern Gannet,7,1–10,1,Patch1,-54.0877976,46.8105
8/16/2022,Northern Gannet,1,1–10,1,Patch1,-54.1922046,46.823281
8/16/2022,Northern Gannet,1,1–10,1,Patch1,-54.1922046,46.823281
8/19/2022,Northern Gannet,20,10–50,1,Patch1,-53.4498,47.18349
8/20/2022,Northern Gannet,1,1–10,7,Patch7,-55.62183,46.87743
8/22/2022,Northern Gannet,1,1–10,7,Patch7,-55.3101,47.14915
8/22/2022,Northern Gannet,1,1–10,1,Patch1,-54.086754,46.809853
8/23/2022,Northern Gannet,6,1–10,7,Patch7,-55.082645,47.1054332
8/23/2022,Northern Gannet,10,1–10,1,Patch1,-54.0877976,46.8105
8/25/2022,Northern Gannet,1,1–10,1,Patch1,-53.96444,47.24245
8/25/2022,Northern Gannet,1,1–10,1,Patch1,-53.9881,47.3019
8/25/2022,Northern Gannet,1,1–10,1,Patch1,-54.182596,46.818574
8/26/2022,Northern Gannet,1,1–10,1,Patch1,-53.96444,47.24245
8/26/2022,Northern Gannet,1,1–10,1,Patch1,-53.98682,47.30214
8/27/2022,Northern Gannet,15,10–50,1,Patch1,-54.0877976,46.8105
8/29/2022,Northern Gannet,1,1–10,1,Patch1,-54.9437,47.53009
8/29/2022,Northern Gannet,31,10–50,1,Patch1,-54.0877976,46.8105
8/30/2022,Northern Gannet,31,10–50,1,Patch1,-54.0877976,46.8105
8/31/2022,Northern Gannet,1,1–10,1,Patch1,-54.182596,46.818574
9/1/2022,Northern Gannet,28,10–50,1,Patch1,-54.0877976,46.8105
9/2/2022,Northern Gannet,33,10–50,1,Patch1,-54.0877976,46.8105
9/7/2022,Northern Gannet,11,10–50,1,Patch1,-53.98856,47.75837
9/8/2022,Northern Gannet,1136,1000+,1,Patch1,-54.19889,46.83323
5/10/2022,Northern Gannet,6,1–10,6,Patch6,-58.92,48.69
5/11/2022,Northern Gannet,1,1–10,6,Patch6,-58.95,48.68
5/11/2022,Northern Gannet,1,1–10,6,Patch6,-58.95,48.68
5/11/2022,Northern Gannet,1,1–10,6,Patch6,-58.95,48.68
5/11/2022,Northern Gannet,1,1–10,6,Patch6,-58.95,48.68
5/13/2022,Northern Gannet,12,10–50,6,Patch6,-58.33,49.21
5/21/2022,Northern Gannet,1,1–10,6,Patch6,-57.72,48.99
5/22/2022,Northern Gannet,100,50–100,6,Patch6,-58.33,49.21
5/27/2022,Northern Gannet,16,10–50,6,Patch6,-57.96,49.59
5/27/2022,Northern Gannet,1,1–10,6,Patch6,-57.93,49.74
5/27/2022,Northern Gannet,27,10–50,6,Patch6,-58.58,48.42
5/30/2022,Northern Gannet,12,10–50,6,Patch6,-58.4,48.5
6/1/2022,Northern Gannet,1,1–10,6,Patch6,-58.43,48.47
6/1/2022,Northern Gannet,1,1–10,6,Patch6,-59.08,48.62
6/1/2022,Northern Gannet,1,1–10,6,Patch6,-59.08,48.62
6/8/2022,Northern Gannet,11,10–50,6,Patch6,-59,48.66
6/8/2022,Northern Gannet,200,100–500,6,Patch6,-59,48.66
6/9/2022,Northern Gannet,25,10–50,6,Patch6,-58.5,48.45
6/12/2022,Northern Gannet,1,1–10,6,Patch6,-57.8009865,49.9559731
6/13/2022,Northern Gannet,3,1–10,6,Patch6,-60.11092,48.187619
6/13/2022,Northern Gannet,1,1–10,6,Patch6,-60.115766,48.534633
6/13/2022,Northern Gannet,1,1–10,6,Patch6,-60.113115,48.390321
6/15/2022,Northern Gannet,19,10–50,6,Patch6,-58.801437,48.56526
6/20/2022,Northern Gannet,1,1–10,6,Patch6,-58.429933,48.482029
7/1/2022,Northern Gannet,4,1–10,6,Patch6,-58.62347,48.54993
7/1/2022,Northern Gannet,2,1–10,7,Patch7,-55.79415,47.79625
7/11/2022,Northern Gannet,1,1–10,6,Patch6,-58.43106,48.469082
7/11/2022,Northern Gannet,2,1–10,6,Patch6,-60.1035,48.36791
7/11/2022,Northern Gannet,1,1–10,6,Patch6,-58.430188,48.485455
7/11/2022,Northern Gannet,1,1–10,6,Patch6,-58.431236,48.466471
7/12/2022,Northern Gannet,4,1–10,7,Patch7,-56.74754,47.57983
7/14/2022,Northern Gannet,1,1–10,6,Patch6,-59.8723,48.53717
7/14/2022,Northern Gannet,1,1–10,6,Patch6,-60.0157,48.61528
7/15/2022,Northern Gannet,1,1–10,6,Patch6,-60.1161,48.78439
8/1/2022,Northern Gannet,2,1–10,5,Patch5,-55.58537,52.27448
7/16/2022,Northern Gannet,18,10–50,5,Patch5,-56.921996,51.059251
7/16/2022,Northern Gannet,1,1–10,6,Patch6,-57.80554,49.85201
7/17/2022,Northern Gannet,4,1–10,5,Patch5,-56.7591,51.38183
7/17/2022,Northern Gannet,8,1–10,7,Patch7,-57.5,47.563
7/19/2022,Northern Gannet,1,1–10,6,Patch6,-57.9646612,49.6830491
7/21/2022,Northern Gannet,4,1–10,6,Patch6,-58.6236,48.5489
7/23/2022,Northern Gannet,1,1–10,6,Patch6,-57.9562631,49.682707
7/24/2022,Northern Gannet,1,1–10,6,Patch6,-59.2094,47.5851
7/26/2022,Northern Gannet,3,1–10,6,Patch6,-57.7298,47.64272
7/26/2022,Northern Gannet,4,1–10,6,Patch6,-58.594941,48.543594
7/26/2022,Northern Gannet,1,1–10,6,Patch6,-58.73,48.5592
7/28/2022,Northern Gannet,2,1–10,6,Patch6,-57.9502,49.61747
7/30/2022,Northern Gannet,6,1–10,6,Patch6,-57.3511,50.70291
8/1/2022,Northern Gannet,1,1–10,6,Patch6,-57.959525,49.6803133
8/3/2022,Northern Gannet,1,1–10,6,Patch6,-57.9646117,49.6829833
8/3/2022,Northern Gannet,1,1–10,6,Patch6,-57.9646806,49.6830278
8/4/2022,Northern Gannet,6,1–10,5,Patch5,-56.78288,51.2008
8/2/2022,Northern Gannet,1,1–10,5,Patch5,-56.7332,51.5705
8/4/2022,Northern Gannet,8,1–10,5,Patch5,-56.78288,51.2008
8/16/2022,Northern Gannet,20,10–50,5,Patch5,-56.78288,51.2008
9/4/2022,Northern Gannet,2,1–10,6,Patch6,-58.7692,48.78382
9/18/2022,Northern Gannet,1,1–10,6,Patch6,-57.2875,50.64896
5/22/2022,Northern Gannet,2,1–10,3,Patch3,-52.98601,48.03594
5/29/2022,Northern Gannet,1,1–10,3,Patch3,-52.96437,47.52219
7/17/2022,Northern Gannet,2,1–10,3,Patch3,-53.64029,48.03469
7/20/2022,Northern Gannet,1,1–10,2,Patch2,-52.83255,47.28286
7/20/2022,Northern Gannet,1,1–10,2,Patch2,-52.830932,47.278878
7/20/2022,Northern Gannet,1,1–10,2,Patch2,-52.8138,47.28424
7/21/2022,Northern Gannet,1,1–10,2,Patch2,-52.81023,47.281469
7/22/2022,Northern Gannet,2,1–10,3,Patch3,-53.6404,48.03467
7/24/2022,Northern Gannet,13,10–50,3,Patch3,-52.79882,48.11655
7/24/2022,Northern Gannet,12,10–50,3,Patch3,-53.6404,48.03467
7/24/2022,Northern Gannet,1,1–10,4,Patch4,-53.7171,48.98398
7/27/2022,Northern Gannet,149,100–500,4,Patch4,-53.17636,49.75877
7/27/2022,Northern Gannet,2,1–10,4,Patch4,-53.5989,49.12106
7/27/2022,Northern Gannet,1,1–10,4,Patch4,-53.9595,49.45189
7/28/2022,Northern Gannet,4,1–10,2,Patch2,-52.7731,47.26258
7/28/2022,Northern Gannet,1,1–10,5,Patch5,-55.46059,51.52676
7/28/2022,Northern Gannet,1,1–10,4,Patch4,-54.17342,49.61541
7/28/2022,Northern Gannet,1,1–10,2,Patch2,-52.8325,47.28267
7/28/2022,Northern Gannet,1,1–10,3,Patch3,-53.1118,48.65334
7/28/2022,Northern Gannet,1,1–10,3,Patch3,-53.1118,48.65334
7/29/2022,Northern Gannet,1,1–10,4,Patch4,-53.93,49.4418
7/29/2022,Northern Gannet,1,1–10,4,Patch4,-53.577,49.07472
7/29/2022,Northern Gannet,1,1–10,4,Patch4,-53.5167,49.23333
7/29/2022,Northern Gannet,1,1–10,2,Patch2,-52.820686,47.279175
7/29/2022,Northern Gannet,1,1–10,4,Patch4,-53.91829,49.43927
7/29/2022,Northern Gannet,1,1–10,4,Patch4,-53.57718,49.0748
7/29/2022,Northern Gannet,1,1–10,5,Patch5,-55.4783,51.50476
7/29/2022,Northern Gannet,6,1–10,4,Patch4,-53.599,49.29494
7/29/2022,Northern Gannet,2,1–10,2,Patch2,-52.8019,47.24995
7/29/2022,Northern Gannet,1,1–10,4,Patch4,-53.9595,49.45189
7/29/2022,Northern Gannet,1,1–10,4,Patch4,-53.9304109,49.4428806
7/29/2022,Northern Gannet,1,1–10,4,Patch4,-53.9303733,49.4427212
7/29/2022,Northern Gannet,1,1–10,4,Patch4,-53.58,49.07
7/30/2022,Northern Gannet,1,1–10,3,Patch3,-53.6404,48.03467
7/30/2022,Northern Gannet,1,1–10,3,Patch3,-53.6404,48.03467
7/30/2022,Northern Gannet,2,1–10,3,Patch3,-53.64029,48.03469
7/30/2022,Northern Gannet,1,1–10,3,Patch3,-53.27993,47.58385
7/30/2022,Northern Gannet,1,1–10,3,Patch3,-52.89629,48.08512
7/30/2022,Northern Gannet,1,1–10,3,Patch3,-53.2799,47.58205
7/30/2022,Northern Gannet,1,1–10,4,Patch4,-53.5569,49.14814
7/30/2022,Northern Gannet,1,1–10,4,Patch4,-53.599,49.29494
7/30/2022,Northern Gannet,1,1–10,4,Patch4,-53.1721,48.74788
7/30/2022,Northern Gannet,1,1–10,4,Patch4,-53.592631,49.299591
7/30/2022,Northern Gannet,1,1–10,4,Patch4,-53.81268,49.394803
7/30/2022,Northern Gannet,4,1–10,4,Patch4,-53.5145,49.203
7/31/2022,Northern Gannet,1,1–10,4,Patch4,-53.4979,49.26129
7/31/2022,Northern Gannet,1,1–10,4,Patch4,-53.52,49.23
8/1/2022,Northern Gannet,1,1–10,2,Patch2,-52.807418,47.194698
8/1/2022,Northern Gannet,2,1–10,4,Patch4,-53.7527802,48.6526435
8/1/2022,Northern Gannet,1,1–10,4,Patch4,-53.57718,49.0748
8/1/2022,Northern Gannet,1,1–10,4,Patch4,-53.7799,49.57984
8/1/2022,Northern Gannet,1,1–10,4,Patch4,-53.1721,48.74788
8/2/2022,Northern Gannet,2,1–10,2,Patch2,-52.8246709,47.2420028
8/2/2022,Northern Gannet,1,1–10,4,Patch4,-53.91829,49.43927
8/2/2022,Northern Gannet,7,1–10,4,Patch4,-53.8715467,49.5093968
8/2/2022,Northern Gannet,1,1–10,4,Patch4,-53.577,49.07472
8/2/2022,Northern Gannet,1,1–10,4,Patch4,-53.8543,49.43887
8/2/2022,Northern Gannet,1,1–10,4,Patch4,-53.8543,49.43887
8/2/2022,Northern Gannet,1,1–10,4,Patch4,-53.58,49.07
8/3/2022,Northern Gannet,1,1–10,3,Patch3,-53.6404,48.03467
8/3/2022,Northern Gannet,1,1–10,2,Patch2,-52.8891144,47.0283661
8/3/2022,Northern Gannet,1,1–10,2,Patch2,-52.81347,47.188
8/3/2022,Northern Gannet,2,1–10,4,Patch4,-53.577,49.07472
8/3/2022,Northern Gannet,1,1–10,4,Patch4,-53.577,49.07472
8/3/2022,Northern Gannet,2,1–10,4,Patch4,-54.1404,49.66902
8/3/2022,Northern Gannet,1,1–10,4,Patch4,-53.6115,49.30853
8/3/2022,Northern Gannet,1,1–10,4,Patch4,-53.6115,49.30853
8/3/2022,Northern Gannet,1,1–10,2,Patch2,-52.9112,46.97032
8/4/2022,Northern Gannet,12,10–50,4,Patch4,-53.7,49.33492
8/4/2022,Northern Gannet,1,1–10,4,Patch4,-53.91829,49.43927
8/4/2022,Northern Gannet,8,1–10,4,Patch4,-53.6899,49.35108
8/4/2022,Northern Gannet,1,1–10,4,Patch4,-54.6074,49.64397
8/4/2022,Northern Gannet,2,1–10,4,Patch4,-53.7127,48.5753
8/4/2022,Northern Gannet,2,1–10,4,Patch4,-53.7127,48.5753
8/4/2022,Northern Gannet,1,1–10,4,Patch4,-53.8730411,49.5271564
8/10/2022,Northern Gannet,2,1–10,5,Patch5,-55.58551,52.27545
8/4/2022,Northern Gannet,1,1–10,4,Patch4,-53.700263,49.345484
8/5/2022,Northern Gannet,3,1–10,4,Patch4,-53.8542,49.54149
8/5/2022,Northern Gannet,2,1–10,4,Patch4,-53.8542,49.54149
8/5/2022,Northern Gannet,1,1–10,4,Patch4,-53.577,49.07472
8/5/2022,Northern Gannet,1,1–10,4,Patch4,-53.577,49.07472
8/5/2022,Northern Gannet,3,1–10,4,Patch4,-53.6899,49.35108
8/5/2022,Northern Gannet,2,1–10,4,Patch4,-53.59849,49.29533
8/5/2022,Northern Gannet,3,1–10,4,Patch4,-53.49495,49.23485
8/5/2022,Northern Gannet,30,10–50,4,Patch4,-53.5167,49.23333
8/5/2022,Northern Gannet,1,1–10,5,Patch5,-56.1218,50.87049
8/5/2022,Northern Gannet,8,1–10,4,Patch4,-53.5569,49.14814
8/11/2022,Northern Gannet,2,1–10,5,Patch5,-55.5852,52.27363
8/5/2022,Northern Gannet,2,1–10,3,Patch3,-53.1118,48.65334
8/5/2022,Northern Gannet,2,1–10,3,Patch3,-53.065,48.53721
8/5/2022,Northern Gannet,10,1–10,3,Patch3,-53.1118,48.65334
8/5/2022,Northern Gannet,1,1–10,4,Patch4,-53.6115,49.30853
8/5/2022,Northern Gannet,2,1–10,4,Patch4,-54.05,49.4667
8/5/2022,Northern Gannet,1,1–10,4,Patch4,-53.6905834,49.3507975
8/5/2022,Northern Gannet,1,1–10,4,Patch4,-53.6905834,49.3507975
8/5/2022,Northern Gannet,1,1–10,4,Patch4,-53.6905834,49.3507975
8/5/2022,Northern Gannet,1,1–10,4,Patch4,-53.603301,49.2960001
8/5/2022,Northern Gannet,1,1–10,4,Patch4,-53.603301,49.2960001
8/5/2022,Northern Gannet,1,1–10,4,Patch4,-53.5157458,49.2336346
8/5/2022,Northern Gannet,1,1–10,4,Patch4,-53.5157458,49.2336346
8/5/2022,Northern Gannet,1,1–10,4,Patch4,-53.603301,49.2960001
8/6/2022,Northern Gannet,4,1–10,3,Patch3,-53.26614,48.37007
8/6/2022,Northern Gannet,1,1–10,4,Patch4,-53.91829,49.43927
8/6/2022,Northern Gannet,2,1–10,4,Patch4,-54.1404,49.66902
8/6/2022,Northern Gannet,1,1–10,2,Patch2,-53.2229,47.45427
8/7/2022,Northern Gannet,1,1–10,4,Patch4,-53.6115,49.30853
8/8/2022,Northern Gannet,4,1–10,3,Patch3,-53.31,48.39185
8/8/2022,Northern Gannet,4,1–10,3,Patch3,-53.2659,48.36857
8/8/2022,Northern Gannet,2,1–10,4,Patch4,-54.4084,49.67239
8/8/2022,Northern Gannet,2,1–10,2,Patch2,-52.8364,47.2457
8/8/2022,Northern Gannet,1,1–10,3,Patch3,-53.3276,48.39661
8/8/2022,Northern Gannet,5,1–10,3,Patch3,-53.3259,48.3921
8/8/2022,Northern Gannet,1,1–10,3,Patch3,-53.0314,48.6246
8/9/2022,Northern Gannet,1,1–10,2,Patch2,-52.84,47.2449
8/9/2022,Northern Gannet,1,1–10,4,Patch4,-53.5328,49.27451
8/9/2022,Northern Gannet,1,1–10,4,Patch4,-53.431,49.254
8/9/2022,Northern Gannet,1,1–10,2,Patch2,-52.841,47.2449
8/10/2022,Northern Gannet,1,1–10,4,Patch4,-53.56292,49.27629
8/10/2022,Northern Gannet,9,1–10,4,Patch4,-53.91829,49.43927
8/10/2022,Northern Gannet,1,1–10,3,Patch3,-53.07627,47.87787
8/10/2022,Northern Gannet,1,1–10,3,Patch3,-53.29841,48.38368
8/10/2022,Northern Gannet,1,1–10,1,Patch1,-53.7676,47.63447
8/10/2022,Northern Gannet,1,1–10,3,Patch3,-53.7445893,48.1535931
8/10/2022,Northern Gannet,1,1–10,3,Patch3,-53.09,47.86
8/11/2022,Northern Gannet,3,1–10,3,Patch3,-53.31,48.3895682
8/11/2022,Northern Gannet,1,1–10,3,Patch3,-53.28,47.6128
8/11/2022,Northern Gannet,3,1–10,3,Patch3,-53.3259,48.39211
8/11/2022,Northern Gannet,3,1–10,3,Patch3,-52.7107,47.64318
8/11/2022,Northern Gannet,1,1–10,2,Patch2,-52.8364,47.2457
8/11/2022,Northern Gannet,1,1–10,3,Patch3,-53.7469,48.15461
8/11/2022,Northern Gannet,1,1–10,4,Patch4,-54.7911,49.674
8/11/2022,Northern Gannet,1,1–10,3,Patch3,-53.1076,47.84674
8/11/2022,Northern Gannet,1,1–10,2,Patch2,-53.1247,47.38496
8/11/2022,Northern Gannet,1,1–10,4,Patch4,-53.59,49.29925
8/11/2022,Northern Gannet,3,1–10,3,Patch3,-53.3259,48.3921
8/11/2022,Northern Gannet,1,1–10,3,Patch3,-53.2794,47.6128
8/11/2022,Northern Gannet,1,1–10,3,Patch3,-53.24,47.55
8/11/2022,Northern Gannet,1,1–10,3,Patch3,-53.09,47.89
8/12/2022,Northern Gannet,1,1–10,2,Patch2,-52.8325,47.28267
8/12/2022,Northern Gannet,1,1–10,3,Patch3,-53.3751,48.39701
8/12/2022,Northern Gannet,1,1–10,2,Patch2,-53.0075716,47.3254187
8/12/2022,Northern Gannet,1,1–10,2,Patch2,-52.807418,47.194698
8/12/2022,Northern Gannet,1,1–10,2,Patch2,-52.823562,47.240308
8/12/2022,Northern Gannet,1,1–10,2,Patch2,-52.839185,47.247007
8/12/2022,Northern Gannet,1,1–10,3,Patch3,-52.7305566,47.6597117
8/12/2022,Northern Gannet,1,1–10,4,Patch4,-54.2133,48.78508
8/12/2022,Northern Gannet,3,1–10,3,Patch3,-53.32647,48.3921
8/12/2022,Northern Gannet,2,1–10,4,Patch4,-53.56292,49.27629
8/12/2022,Northern Gannet,1,1–10,4,Patch4,-53.7799,49.57984
8/12/2022,Northern Gannet,1,1–10,4,Patch4,-53.7799,49.57984
8/12/2022,Northern Gannet,1,1–10,4,Patch4,-53.9426985,49.4495382
8/12/2022,Northern Gannet,1,1–10,3,Patch3,-53.32,47.58
8/13/2022,Northern Gannet,1,1–10,2,Patch2,-53.1159213,47.3624682
8/13/2022,Northern Gannet,1,1–10,3,Patch3,-53.2677742,47.539178
8/13/2022,Northern Gannet,1,1–10,3,Patch3,-53.21795,48.02649
8/13/2022,Northern Gannet,2,1–10,4,Patch4,-54.28326,49.58347
8/13/2022,Northern Gannet,1,1–10,4,Patch4,-54.11977,49.81767
8/13/2022,Northern Gannet,1,1–10,2,Patch2,-53.13161,47.38598
8/13/2022,Northern Gannet,5,1–10,4,Patch4,-53.577,49.07472
8/13/2022,Northern Gannet,3,1–10,3,Patch3,-53.1825,47.75746
8/13/2022,Northern Gannet,1,1–10,3,Patch3,-53.1833883,47.7572367
8/13/2022,Northern Gannet,1,1–10,3,Patch3,-53.196225,47.7188117
8/14/2022,Northern Gannet,5,1–10,4,Patch4,-54.4084,49.67239
8/14/2022,Northern Gannet,1,1–10,3,Patch3,-52.63325,47.51766
8/14/2022,Northern Gannet,8,1–10,2,Patch2,-52.8155283,47.3185144
8/15/2022,Northern Gannet,1,1–10,4,Patch4,-53.4778006,49.2456559
8/15/2022,Northern Gannet,1,1–10,5,Patch5,-56.1218,50.87049
8/15/2022,Northern Gannet,1,1–10,4,Patch4,-53.5778,49.08009
8/16/2022,Northern Gannet,3,1–10,3,Patch3,-52.8007,48.13554
8/16/2022,Northern Gannet,1,1–10,4,Patch4,-53.948297,48.578149
8/16/2022,Northern Gannet,1,1–10,1,Patch1,-53.7805,47.63594
8/16/2022,Northern Gannet,3,1–10,4,Patch4,-53.57648,48.43917
8/16/2022,Northern Gannet,2,1–10,4,Patch4,-53.88673,49.41809
8/16/2022,Northern Gannet,4,1–10,3,Patch3,-53.3587,48.36774
8/16/2022,Northern Gannet,1,1–10,3,Patch3,-53.0390376,47.9522043
8/16/2022,Northern Gannet,1,1–10,3,Patch3,-53.0390376,47.9522043
8/16/2022,Northern Gannet,1,1–10,4,Patch4,-53.5228,49.3031
8/16/2022,Northern Gannet,1,1–10,4,Patch4,-53.5228,49.3031
8/16/2022,Northern Gannet,1,1–10,4,Patch4,-53.7359611,49.3773746
8/16/2022,Northern Gannet,2,1–10,3,Patch3,-53.0402,48.5456
8/16/2022,Northern Gannet,1,1–10,3,Patch3,-52.8018731,48.1357281
8/17/2022,Northern Gannet,1,1–10,3,Patch3,-53.05,47.5302
8/17/2022,Northern Gannet,1,1–10,3,Patch3,-53.05,47.5309
8/17/2022,Northern Gannet,50,10–50,4,Patch4,-53.5,49.260353
8/17/2022,Northern Gannet,1,1–10,4,Patch4,-54.17342,49.61541
8/17/2022,Northern Gannet,2,1–10,3,Patch3,-52.83657,48.12389
8/17/2022,Northern Gannet,1,1–10,4,Patch4,-54.28672,49.40571
8/17/2022,Northern Gannet,50,10–50,4,Patch4,-53.4842,49.238
8/18/2022,Northern Gannet,5,1–10,2,Patch2,-52.8827,47.03395
8/18/2022,Northern Gannet,23,10–50,4,Patch4,-53.7488,48.65091
8/18/2022,Northern Gannet,6,1–10,4,Patch4,-53.7488,48.65091
8/18/2022,Northern Gannet,8,1–10,3,Patch3,-52.8007,48.13554
8/18/2022,Northern Gannet,2,1–10,3,Patch3,-52.8007,48.13554
8/18/2022,Northern Gannet,1,1–10,5,Patch5,-56.1218,50.87049
8/19/2022,Northern Gannet,2,1–10,3,Patch3,-52.8007,48.13554
8/19/2022,Northern Gannet,2,1–10,3,Patch3,-52.8007,48.13554
8/19/2022,Northern Gannet,5,1–10,4,Patch4,-53.5461,49.197
8/21/2022,Northern Gannet,1,1–10,2,Patch2,-52.823562,47.240308
8/21/2022,Northern Gannet,10,1–10,4,Patch4,-53.642047,48.880868
8/21/2022,Northern Gannet,3,1–10,1,Patch1,-53.5449,47.55167
8/22/2022,Northern Gannet,1,1–10,3,Patch3,-52.71,47.47026
8/22/2022,Northern Gannet,10,1–10,4,Patch4,-53.7,49.33492
8/22/2022,Northern Gannet,1,1–10,3,Patch3,-52.70279,47.47321
8/22/2022,Northern Gannet,10,1–10,4,Patch4,-53.6899,49.35108
8/22/2022,Northern Gannet,2,1–10,4,Patch4,-54.1735,49.72668
8/23/2022,Northern Gannet,1,1–10,3,Patch3,-52.7717,47.44653
8/24/2022,Northern Gannet,1,1–10,3,Patch3,-52.6962,47.65067
8/24/2022,Northern Gannet,1,1–10,3,Patch3,-52.6962,47.65067
8/24/2022,Northern Gannet,1,1–10,4,Patch4,-53.700263,49.345484
8/25/2022,Northern Gannet,1,1–10,5,Patch5,-56.12,50.057939
8/25/2022,Northern Gannet,1,1–10,4,Patch4,-54.26243,49.58011
8/25/2022,Northern Gannet,1,1–10,3,Patch3,-52.89628,48.08512
8/25/2022,Northern Gannet,1,1–10,4,Patch4,-53.700263,49.345484
8/25/2022,Northern Gannet,1,1–10,4,Patch4,-53.940114,49.446641
8/26/2022,Northern Gannet,1,1–10,2,Patch2,-52.816272,47.207594
8/26/2022,Northern Gannet,1,1–10,4,Patch4,-53.700263,49.345484
8/27/2022,Northern Gannet,1,1–10,5,Patch5,-56.1041,50.73303
8/31/2022,Northern Gannet,3,1–10,4,Patch4,-53.56292,49.27629
9/1/2022,Northern Gannet,1,1–10,2,Patch2,-52.823562,47.240308
9/2/2022,Northern Gannet,2,1–10,3,Patch3,-52.89628,48.08512
9/3/2022,Northern Gannet,1,1–10,2,Patch2,-52.841,47.24489
9/3/2022,Northern Gannet,1,1–10,4,Patch4,-55.0592,49.24504
9/3/2022,Northern Gannet,1,1–10,4,Patch4,-53.6899,49.35108
9/4/2022,Northern Gannet,3,1–10,4,Patch4,-53.56277,49.27626
9/4/2022,Northern Gannet,1,1–10,2,Patch2,-52.81463,47.31861
9/5/2022,Northern Gannet,1,1–10,2,Patch2,-52.807418,47.194698
9/5/2022,Northern Gannet,1,1–10,2,Patch2,-52.839185,47.247007
9/5/2022,Northern Gannet,1,1–10,2,Patch2,-52.840676,47.24854
9/5/2022,Northern Gannet,1,1–10,3,Patch3,-52.6888117,47.5344917
9/14/2022,Northern Gannet,28,10–50,3,Patch3,-52.8007,48.13554
9/15/2022,Northern Gannet,3158,1000+,4,Patch4,-53.17636,49.75877
9/17/2022,Northern Gannet,1,1–10,3,Patch3,-52.6894524,47.5347463
9/19/2022,Northern Gannet,1,1–10,2,Patch2,-52.8030057,47.2897547
7/28/2022,Atlantic Puffin,3,1–10,2,Patch2,-52.785131,47.257174
7/28/2022,Black-legged Kittiwake,2,1–10,2,Patch2,-52.785131,47.257174
7/11/2022,Atlantic Puffin,1,1–10,2,Patch2,-52.7737,47.2622
9/20/2022,Atlantic Puffin,2,1–10,3,Patch3,-52.8007,48.13554
7/21/2022,Black-legged Kittiwake,2,1–10,2,Patch2,-52.812376,47.281591
7/22/2022,Black-legged Kittiwake,1,1–10,2,Patch2,-53.5924,46.76471
7/22/2022,Black-legged Kittiwake,2,1–10,2,Patch2,-52.812376,47.281591
7/22/2022,Black-legged Kittiwake,1,1–10,2,Patch2,-52.812376,47.281469
7/23/2022,Black-legged Kittiwake,1,1–10,2,Patch2,-52.83,47.278
7/23/2022,Atlantic Puffin,1,1–10,1,Patch1,-53.9633,47.24215
7/25/2022,Black-legged Kittiwake,1,1–10,2,Patch2,-52.79,47.262278
7/25/2022,Black-legged Kittiwake,1,1–10,2,Patch2,-52.78,47.26462
7/25/2022,Atlantic Puffin,1,1–10,2,Patch2,-52.79,47.262278
7/25/2022,Black-legged Kittiwake,2,1–10,2,Patch2,-52.79,47.262278
7/25/2022,Atlantic Puffin,1,1–10,2,Patch2,-52.79,47.262278
7/25/2022,Black-legged Kittiwake,1,1–10,2,Patch2,-52.8138,47.28424
7/25/2022,Black-legged Kittiwake,8,1–10,2,Patch2,-52.8138,47.28424
7/25/2022,Atlantic Puffin,3,1–10,1,Patch1,-53.9868,47.30205
7/25/2022,Atlantic Puffin,1,1–10,2,Patch2,-52.839185,47.247007
7/25/2022,Black-legged Kittiwake,1,1–10,2,Patch2,-52.816272,47.207594
7/26/2022,Black-legged Kittiwake,1,1–10,1,Patch1,-54.08,46.809459
7/28/2022,Black-legged Kittiwake,3,1–10,2,Patch2,-52.816272,47.207594
7/28/2022,Atlantic Puffin,7,1–10,2,Patch2,-52.839185,47.247007
7/29/2022,Black-legged Kittiwake,1,1–10,2,Patch2,-52.820686,47.279175
7/29/2022,Black-legged Kittiwake,1,1–10,2,Patch2,-52.808395,47.281054
7/29/2022,Black-legged Kittiwake,2,1–10,2,Patch2,-52.812061,47.281753
7/30/2022,Black-legged Kittiwake,1,1–10,2,Patch2,-53.3603,46.73612
7/30/2022,Black-legged Kittiwake,1,1–10,2,Patch2,-53.7482,46.83341
7/31/2022,Atlantic Puffin,1,1–10,2,Patch2,-52.812371,47.19135
8/1/2022,Black-legged Kittiwake,1,1–10,2,Patch2,-52.807418,47.194698
8/1/2022,Black-legged Kittiwake,1,1–10,2,Patch2,-52.816272,47.207594
8/2/2022,Atlantic Puffin,1,1–10,2,Patch2,-52.839185,47.247007
8/2/2022,Black-legged Kittiwake,1,1–10,2,Patch2,-52.816272,47.207594
8/3/2022,Black-legged Kittiwake,1,1–10,2,Patch2,-52.816272,47.207594
8/4/2022,Black-legged Kittiwake,1,1–10,2,Patch2,-53.26,46.684411
8/4/2022,Atlantic Puffin,50,10–50,3,Patch3,-53.09,48.7014
8/4/2022,Black-legged Kittiwake,1,1–10,2,Patch2,-52.8246709,47.2420028
8/4/2022,Atlantic Puffin,1,1–10,2,Patch2,-52.816272,47.207594
8/5/2022,Atlantic Puffin,1,1–10,2,Patch2,-52.816272,47.207594
8/6/2022,Black-legged Kittiwake,1,1–10,2,Patch2,-52.816272,47.207594
8/7/2022,Black-legged Kittiwake,1,1–10,2,Patch2,-52.816272,47.207594
8/10/2022,Black-legged Kittiwake,1,1–10,2,Patch2,-52.8138,47.28424
8/12/2022,Black-legged Kittiwake,8,1–10,6,Patch6,-59.25,48.466667
8/12/2022,Atlantic Puffin,1,1–10,2,Patch2,-52.816272,47.207594
8/12/2022,Black-legged Kittiwake,1,1–10,2,Patch2,-52.823562,47.240308
8/12/2022,Atlantic Puffin,1,1–10,2,Patch2,-52.839185,47.247007
8/13/2022,Atlantic Puffin,1,1–10,2,Patch2,-52.807418,47.194698
8/13/2022,Atlantic Puffin,3,1–10,2,Patch2,-52.807418,47.194698
8/14/2022,Atlantic Puffin,1,1–10,2,Patch2,-52.816272,47.207594
8/14/2022,Black-legged Kittiwake,1,1–10,2,Patch2,-52.816272,47.207594
8/15/2022,Atlantic Puffin,2,1–10,2,Patch2,-52.816272,47.207594
8/15/2022,Black-legged Kittiwake,2,1–10,2,Patch2,-52.807418,47.194698
8/15/2022,Atlantic Puffin,2,1–10,2,Patch2,-52.807418,47.194698
8/18/2022,Black-legged Kittiwake,5,1–10,4,Patch4,-53.7488,48.65091
8/18/2022,Atlantic Puffin,5,1–10,4,Patch4,-53.7488,48.65091
8/18/2022,Black-legged Kittiwake,4,1–10,4,Patch4,-53.7488,48.65091
8/18/2022,Black-legged Kittiwake,1,1–10,2,Patch2,-52.8841,47.11422
8/18/2022,Black-legged Kittiwake,1,1–10,2,Patch2,-52.8827,47.03395
8/18/2022,Atlantic Puffin,1,1–10,4,Patch4,-53.7488,48.65091
8/18/2022,Black-legged Kittiwake,3,1–10,2,Patch2,-52.807418,47.194698
8/18/2022,Atlantic Puffin,4,1–10,2,Patch2,-52.807418,47.194698
8/19/2022,Atlantic Puffin,7,1–10,2,Patch2,-52.79,47.262278
8/19/2022,Atlantic Puffin,1,1–10,2,Patch2,-52.807418,47.194698
8/21/2022,Atlantic Puffin,2,1–10,2,Patch2,-52.807418,47.194698
8/21/2022,Atlantic Puffin,2,1–10,2,Patch2,-52.816272,47.207594
8/21/2022,Black-legged Kittiwake,2,1–10,2,Patch2,-52.816272,47.207594
8/22/2022,Atlantic Puffin,30,10–50,2,Patch2,-52.79,47.262278
8/22/2022,Black-legged Kittiwake,1,1–10,5,Patch5,-55.68,52.3688395
8/23/2022,Black-legged Kittiwake,6,1–10,2,Patch2,-52.812371,47.19135
8/25/2022,Atlantic Puffin,1,1–10,2,Patch2,-52.816272,47.207594
8/26/2022,Atlantic Puffin,1,1–10,2,Patch2,-52.816272,47.207594
8/28/2022,Black-legged Kittiwake,1,1–10,2,Patch2,-52.807418,47.194698
8/28/2022,Atlantic Puffin,1,1–10,2,Patch2,-52.807418,47.194698
8/28/2022,Black-legged Kittiwake,1,1–10,2,Patch2,-52.830943,47.197168
8/31/2022,Atlantic Puffin,1,1–10,2,Patch2,-52.807418,47.194698
8/31/2022,Atlantic Puffin,1,1–10,2,Patch2,-52.816272,47.207594
9/1/2022,Atlantic Puffin,3,1–10,2,Patch2,-52.816272,47.207594
9/1/2022,Atlantic Puffin,5,1–10,2,Patch2,-52.807418,47.194698
9/2/2022,Atlantic Puffin,1,1–10,2,Patch2,-52.823562,47.240308
9/3/2022,Atlantic Puffin,8,1–10,2,Patch2,-52.823562,47.240308
9/3/2022,Atlantic Puffin,3,1–10,2,Patch2,-52.816272,47.207594
9/4/2022,Atlantic Puffin,2,1–10,2,Patch2,-52.823562,47.240308
9/5/2022,Atlantic Puffin,6,1–10,2,Patch2,-52.807418,47.194698
9/5/2022,Black-legged Kittiwake,1,1–10,2,Patch2,-52.807418,47.194698
9/5/2022,Atlantic Puffin,1,1–10,2,Patch2,-52.840676,47.24854
9/5/2022,Black-legged Kittiwake,2,1–10,2,Patch2,-52.840676,47.24854
7/12/2022,Black-legged Kittiwake,1,1–10,2,Patch2,-53.597749,46.892143
7/14/2022,Atlantic Puffin,1,1–10,2,Patch2,-53.5977,46.89214
7/15/2022,Atlantic Puffin,2,1–10,7,Patch7,-55.40073,46.882758
7/15/2022,Atlantic Puffin,1,1–10,7,Patch7,-55.420846,46.880383
7/17/2022,Atlantic Puffin,10,1–10,7,Patch7,-55.937704,46.899622
7/14/2022,Atlantic Puffin,1,1–10,1,Patch1,-54.08388,46.81375
7/15/2022,Atlantic Puffin,6,1–10,7,Patch7,-55.67023,46.88089
7/17/2022,Black-legged Kittiwake,3,1–10,1,Patch1,-54.08388,46.81375
7/17/2022,Atlantic Puffin,1,1–10,1,Patch1,-53.98691,47.30333
7/17/2022,Atlantic Puffin,8,1–10,7,Patch7,-57.35484,47.52866
7/18/2022,Atlantic Puffin,1,1–10,2,Patch2,-52.77317,47.26314
7/18/2022,Atlantic Puffin,4,1–10,7,Patch7,-55.40012,46.88156
7/22/2022,Black-legged Kittiwake,4,1–10,1,Patch1,-54.08388,46.81375
7/25/2022,Black-legged Kittiwake,1,1–10,2,Patch2,-53.59775,46.8922
7/25/2022,Black-legged Kittiwake,7,1–10,2,Patch2,-52.81378,47.28482
7/27/2022,Black-legged Kittiwake,4,1–10,1,Patch1,-54.08388,46.81375
7/27/2022,Black-legged Kittiwake,19,10–50,2,Patch2,-52.81378,47.28482
7/27/2022,Black-legged Kittiwake,28,10–50,2,Patch2,-52.81378,47.28482
7/30/2022,Black-legged Kittiwake,1,1–10,2,Patch2,-53.38233,46.72467
7/30/2022,Black-legged Kittiwake,1,1–10,1,Patch1,-54.15811,46.96008
7/31/2022,Atlantic Puffin,2,1–10,1,Patch1,-54.08388,46.81375
8/1/2022,Atlantic Puffin,1,1–10,4,Patch4,-53.7527802,48.6526435
8/1/2022,Atlantic Puffin,2,1–10,1,Patch1,-54.08388,46.81375
8/4/2022,Black-legged Kittiwake,1,1–10,5,Patch5,-56.78288,51.2008
8/14/2022,Atlantic Puffin,1,1–10,3,Patch3,-52.63325,47.51766
8/13/2022,Black-legged Kittiwake,1,1–10,3,Patch3,-52.69614,47.65102
8/16/2022,Black-legged Kittiwake,3,1–10,2,Patch2,-53.2466,46.67181
8/16/2022,Black-legged Kittiwake,8,1–10,2,Patch2,-53.25473,46.71414
8/19/2022,Atlantic Puffin,8,1–10,2,Patch2,-52.77317,47.26314
8/21/2022,Black-legged Kittiwake,3,1–10,2,Patch2,-52.77317,47.26314
7/29/2022,Atlantic Puffin,1,1–10,2,Patch2,-52.8019,47.24995
7/30/2022,Atlantic Puffin,1,1–10,2,Patch2,-52.9502,47.0965
7/30/2022,Atlantic Puffin,3,1–10,2,Patch2,-52.9502,47.0965
8/16/2022,Atlantic Puffin,1,1–10,3,Patch3,-53.3587,48.36774
8/19/2022,Black-legged Kittiwake,1,1–10,1,Patch1,-53.4498,47.18349
8/22/2022,Atlantic Puffin,30,10–50,2,Patch2,-52.7731,47.26258
8/19/2022,Atlantic Puffin,7,1–10,2,Patch2,-52.7731,47.26258
7/12/2022,Black-legged Kittiwake,1,1–10,2,Patch2,-53.5977,46.89214
7/19/2022,Atlantic Puffin,1,1–10,2,Patch2,-53.5977,46.89214
7/19/2022,Atlantic Puffin,6,1–10,2,Patch2,-53.6371,46.78933
8/31/2022,Black-legged Kittiwake,1,1–10,3,Patch3,-52.8956,48.08496
8/2/2022,Black-legged Kittiwake,1,1–10,1,Patch1,-54.21652,46.8801
8/2/2022,Atlantic Puffin,1,1–10,1,Patch1,-54.20538,46.81963
8/4/2022,Atlantic Puffin,1,1–10,1,Patch1,-54.17997,46.9181
8/14/2022,Black-legged Kittiwake,1,1–10,5,Patch5,-55.68572,52.36875
9/1/2022,Black-legged Kittiwake,1,1–10,5,Patch5,-55.700868,52.369401
8/14/2022,Black-legged Kittiwake,1,1–10,5,Patch5,-55.700868,52.369401
9/16/2022,Black-legged Kittiwake,1,1–10,6,Patch6,-59.7725,54.9082
7/25/2022,Black-legged Kittiwake,9,1–10,2,Patch2,-52.8131,47.28213
8/13/2022,Black-legged Kittiwake,4,1–10,2,Patch2,-53.6412,46.7933
8/4/2022,Black-legged Kittiwake,7,1–10,1,Patch1,-54.0877976,46.8105
8/4/2022,Atlantic Puffin,1,1–10,1,Patch1,-54.0877976,46.8105
8/8/2022,Black-legged Kittiwake,9,1–10,1,Patch1,-54.0877976,46.8105
8/8/2022,Atlantic Puffin,2,1–10,1,Patch1,-54.0877976,46.8105
8/10/2022,Black-legged Kittiwake,1,1–10,1,Patch1,-54.0877976,46.8105
8/15/2022,Black-legged Kittiwake,2,1–10,1,Patch1,-54.0877976,46.8105
8/15/2022,Atlantic Puffin,2,1–10,1,Patch1,-54.0877976,46.8105
8/16/2022,Black-legged Kittiwake,3,1–10,1,Patch1,-54.0877976,46.8105
8/16/2022,Atlantic Puffin,2,1–10,1,Patch1,-54.0877976,46.8105
8/23/2022,Black-legged Kittiwake,3,1–10,1,Patch1,-54.0877976,46.8105
8/23/2022,Atlantic Puffin,3,1–10,1,Patch1,-54.0877976,46.8105
8/27/2022,Black-legged Kittiwake,1,1–10,1,Patch1,-54.0877976,46.8105
8/27/2022,Atlantic Puffin,2,1–10,1,Patch1,-54.0877976,46.8105
8/29/2022,Atlantic Puffin,2,1–10,1,Patch1,-54.0877976,46.8105
8/30/2022,Black-legged Kittiwake,1,1–10,1,Patch1,-54.0877976,46.8105
8/30/2022,Atlantic Puffin,3,1–10,1,Patch1,-54.0877976,46.8105
9/1/2022,Atlantic Puffin,2,1–10,1,Patch1,-54.0877976,46.8105
9/2/2022,Atlantic Puffin,2,1–10,1,Patch1,-54.0877976,46.8105
7/24/2022,Atlantic Puffin,1,1–10,6,Patch6,-59.2094,47.5851
8/3/2022,Black-legged Kittiwake,2,1–10,2,Patch2,-52.8325,47.2827
8/4/2022,Atlantic Puffin,50,10–50,3,Patch3,-53.0853,48.7014
7/18/2022,Atlantic Puffin,1,1–10,2,Patch2,-52.77317,47.26314
8/4/2022,Black-legged Kittiwake,1,1–10,1,Patch1,-54.0877976,46.8105
8/16/2022,Atlantic Puffin,2,1–10,1,Patch1,-54.0877976,46.8105
8/23/2022,Atlantic Puffin,1,1–10,1,Patch1,-54.0877976,46.8105
7/19/2022,Atlantic Puffin,1,1–10,2,Patch2,-53.64,46.8
7/19/2022,Black-legged Kittiwake,1,1–10,2,Patch2,-53.6,46.89
7/19/2022,Atlantic Puffin,1,1–10,2,Patch2,-53.6,46.89
7/19/2022,Atlantic Puffin,1,1–10,2,Patch2,-53.6,46.89
7/27/2022,Atlantic Puffin,1,1–10,2,Patch2,-52.8,47.24
7/27/2022,Black-legged Kittiwake,1,1–10,2,Patch2,-52.8,47.24
7/27/2022,Black-legged Kittiwake,1,1–10,2,Patch2,-52.8,47.24
7/27/2022,Black-legged Kittiwake,1,1–10,2,Patch2,-52.8,47.24
7/27/2022,Black-legged Kittiwake,1,1–10,2,Patch2,-52.8,47.24
7/27/2022,Black-legged Kittiwake,1,1–10,2,Patch2,-52.8,47.24
7/28/2022,Atlantic Puffin,1,1–10,2,Patch2,-52.81,47.27
7/25/2022,Black-legged Kittiwake,1,1–10,3,Patch3,-53.04,47.95
7/25/2022,Black-legged Kittiwake,1,1–10,2,Patch2,-53.04,46.89
7/17/2022,Atlantic Puffin,1,1–10,1,Patch1,-53.970376,47.312761
7/17/2022,Atlantic Puffin,1,1–10,2,Patch2,-52.818077,47.19096
7/17/2022,Black-legged Kittiwake,1,1–10,1,Patch1,-54.086754,46.809853
7/17/2022,Black-legged Kittiwake,1,1–10,1,Patch1,-54.086754,46.809853
7/14/2022,Atlantic Puffin,1,1–10,1,Patch1,-54.1922046,46.823281
7/18/2022,Atlantic Puffin,4,1–10,7,Patch7,-55.40073,46.882758
7/19/2022,Black-legged Kittiwake,2,1–10,2,Patch2,-53.5977,46.89214
7/19/2022,Atlantic Puffin,4,1–10,2,Patch2,-53.5977,46.89214
7/19/2022,Black-legged Kittiwake,1,1–10,2,Patch2,-52.812392,47.195465
